Jobs,Relevant Minor Categories,,,,,,,,,,,,
Accountants & Auditors,Accounting & Finance,Statistics & Data Science,Economics,Management & Information Systems,Applied & General Mathematics,Politics & Public Policy,Specializations & Business,,,,,,
Actors,Cinema & Visual Arts,Performing Arts,General Art,,,,,,,,,,
Actuaries,Accounting & Finance,Statistics & Data Science,Specializations & Business,Applied & General Mathematics,Economics,,,,,,,,
Acupuncturists,Athletic & Bodily Science,Medical Sciences,Biology,,,,,,,,,,
Acute Care Nurses,Biology,Medical Sciences,Athletic & Bodily Science,Social Services,,,,,,,,,
Adapted Physical Education Specialists,Medical Sciences,Athletic & Bodily Science,Education,Social Services,,,,,,,,,
"Administrative Law Judges, Adjudicators, & Hearing Officers",Law & Criminology,Social Services,Politics & Public Policy,Sociology,,,,,,,,,
Administrative Services Managers,Management & Information Systems,Specializations & Business,Accounting & Finance,,,,,,,,,,
"Adult Basic Education, Adult Secondary Education, & English as a Second Language Instructors",Education,Language & Literature,General Humanities,Applied & General Mathematics,Linguistics,Sociology,Biology,Earth Sciences,Chemistry,Physics & Astronomy,Anthropology & History,,
Advanced Practice Psychiatric Nurses,Biology,Medical Sciences,Psychology,Social Services,,,,,,,,,
Advertising & Promotions Managers,Design,Cinema & Visual Arts,Communication & Journalism,Sociology,Marketing & Consumer Services,Management & Information Systems,Specializations & Business,,,,,,
Aerospace Engineers,Specializations & Engineering,Electrical & Mechanical Engineering,Computer Science and Engineering,Applied & General Mathematics,Physics & Astronomy,Earth Sciences,,,,,,,
"Agents & Business Managers of Artists, Performers, & Athletes",General Art,Design,Music,Cinema & Visual Arts,Performing Arts,Communication & Journalism,Specializations & Business,Marketing & Consumer Services,Management & Information Systems,Athletic & Bodily Science,Accounting & Finance,,
Agricultural Engineers,Agriculture & Food Science,Environmental Science & Studies,Animal Science,Specializations & Engineering,Applied & General Mathematics,Chemistry,Biology,Earth Sciences,Electrical & Mechanical Engineering,Statistics & Data Science,Computer Science and Engineering,,
Agricultural Inspectors,Agriculture & Food Science,Politics & Public Policy,Animal Science,Law & Criminology,Environmental Science & Studies,,,,,,,,
"Agricultural Sciences Teachers, Postsecondary",Education,Agriculture & Food Science,Animal Science,Environmental Science & Studies,,,,,,,,,
Agricultural Technicians,Agriculture & Food Science,Applied & General Mathematics,Biology,Chemistry,Statistics & Data Science,Environmental Science & Studies,Animal Science,Earth Sciences,,,,,
"Airline Pilots, Copilots, & Flight Engineers",Social Services,Applied & General Mathematics,Physics & Astronomy,,,,,,,,,,
Allergists & Immunologists,Medical Sciences,Biology,Chemistry,,,,,,,,,,
Anesthesiologists,Medical Sciences,Biology,Chemistry,,,,,,,,,,
Animal Scientists,Animal Science,Biology,Chemistry,Applied & General Mathematics,Agriculture & Food Science,,,,,,,,
Anthropologists & Archeologists,Cultural & Ethnic Studies,Feminist & Gender Studies,Philosophy & Religion,Language & Literature,Anthropology & History,General Humanities,Sociology,Linguistics,,,,,
"Anthropology & Archeology Teachers, Postsecondary",Education,Cultural & Ethnic Studies,Feminist & Gender Studies,Philosophy & Religion,Language & Literature,Anthropology & History,General Humanities,Sociology,Linguistics,,,,
Appraisers & Assessors of Real Estate,Specializations & Business,Statistics & Data Science,Accounting & Finance,Management & Information Systems,Economics,Applied & General Mathematics,,,,,,,
Appraisers of Personal & Business Property,Specializations & Business,Statistics & Data Science,Accounting & Finance,Management & Information Systems,Anthropology & History,Economics,Applied & General Mathematics,,,,,,
"Arbitrators, Mediators, & Conciliators",Politics & Public Policy,Psychology,Law & Criminology,Social Services,,,,,,,,,
Architects,City Planning & Architecture,Design,Applied & General Mathematics,Physics & Astronomy,,,,,,,,,
Architectural & Engineering Managers,Management & Information Systems,City Planning & Architecture,Design,Politics & Public Policy,Applied & General Mathematics,Physics & Astronomy,Specializations & Engineering,Electrical & Mechanical Engineering,Computer Science and Engineering,,,,
"Architecture Teachers, Postsecondary",City Planning & Architecture,Design,Applied & General Mathematics,Physics & Astronomy,Education,,,,,,,,
Archivists,Communication & Journalism,Cultural & Ethnic Studies,Feminist & Gender Studies,Philosophy & Religion,Language & Literature,Anthropology & History,General Humanities,Sociology,Linguistics,Cinema & Visual Arts,General Art,Music,Performing Arts
"Area, Ethnic, & Cultural Studies Teachers, Postsecondary",Education,Cultural & Ethnic Studies,Feminist & Gender Studies,Philosophy & Religion,Language & Literature,Anthropology & History,General Humanities,Sociology,Linguistics,Communication & Journalism,,,
Art Directors,General Art,Cinema & Visual Arts,Design,Communication & Journalism,General Humanities,Anthropology & History,Performing Arts,Management & Information Systems,Marketing & Consumer Services,Cultural & Ethnic Studies,Philosophy & Religion,Language & Literature,
Art Therapists,Psychology,Medical Sciences,General Art,Cinema & Visual Arts,Design,Performing Arts,Sociology,Anthropology & History,Social Services,General Humanities,,,
"Art, Drama, & Music Teachers, Postsecondary",Education,General Art,Music,Cinema & Visual Arts,Performing Arts,,,,,,,,
Astronomers,Physics & Astronomy,Applied & General Mathematics,Statistics & Data Science,Specializations & Engineering,Electrical & Mechanical Engineering,,,,,,,,
Athletes & Sports Competitors,Athletic & Bodily Science,,,,,,,,,,,,
Athletic Trainers,Athletic & Bodily Science,Psychology,Medical Sciences,,,,,,,,,,
Atmospheric & Space Scientists,Environmental Science & Studies,Earth Sciences,Physics & Astronomy,Applied & General Mathematics,Statistics & Data Science,,,,,,,,
"Atmospheric, Earth, Marine, & Space Sciences Teachers, Postsecondary",Education,Environmental Science & Studies,Biology,Physics & Astronomy,Chemistry,Earth Sciences,,,,,,,
Audio & Video Technicians,Information & Technology,Cinema & Visual Arts,Computer Science and Engineering,Music,,,,,,,,,
Audiologists,Medical Sciences,Biology,Linguistics,,,,,,,,,,
Automotive Engineers,Specializations & Engineering,Electrical & Mechanical Engineering,Applied & General Mathematics,Physics & Astronomy,,,,,,,,,
Bakers,Food & Nutrition,Agriculture & Food Science,,,,,,,,,,,
Biochemists & Biophysicists,Biology,Chemistry,Physics & Astronomy,Applied & General Mathematics,,,,,,,,,
Bioengineers & Biomedical Engineers,Biology,Chemistry,Physics & Astronomy,Applied & General Mathematics,Specializations & Engineering,Medical Sciences,Computer Science and Engineering,,,,,,
Biofuels/Biodiesel Technology & Product Development Managers,Electrical & Mechanical Engineering,Specializations & Engineering,Chemistry,Biology,Applied & General Mathematics,Statistics & Data Science,,,,,,,
Bioinformatics Scientists,Biology,Chemistry,Applied & General Mathematics,Information & Technology,Specializations & Engineering,Computer Science and Engineering,Medical Sciences,Electrical & Mechanical Engineering,Statistics & Data Science,,,,
"Biological Science Teachers, Postsecondary",Education,Biology,Chemistry,,,,,,,,,,
Biologists,Biology,Chemistry,Applied & General Mathematics,Statistics & Data Science,,,,,,,,,
Biomass Power Plant Managers,Management & Information Systems,Biology,Chemistry,Electrical & Mechanical Engineering,Specializations & Engineering,Environmental Science & Studies,Earth Sciences,,,,,,
Biostatisticians,Biology,Statistics & Data Science,Applied & General Mathematics,,,,,,,,,,
Broadcast Announcers & Radio Disc Jockeys,Cinema & Visual Arts,Communication & Journalism,Language & Literature,General Humanities,,,,,,,,,
Brokerage Clerks,Management & Information Systems,Accounting & Finance,Economics,Specializations & Business,,,,,,,,,
Budget Analysts,Accounting & Finance,Economics,Statistics & Data Science,Applied & General Mathematics,,,,,,,,,
Business Continuity Planners,Management & Information Systems,Statistics & Data Science,Specializations & Business,,,,,,,,,,
Business Intelligence Analysts,Economics,Statistics & Data Science,Information & Technology,Specializations & Business,Accounting & Finance,,,,,,,,
"Business Teachers, Postsecondary",Education,Specializations & Business,Management & Information Systems,Accounting & Finance,Marketing & Consumer Services,Economics,,,,,,,
"Buyers & Purchasing Agents, Farm Products",Agriculture & Food Science,Economics,Accounting & Finance,Marketing & Consumer Services,Management & Information Systems,Specializations & Business,,,,,,,
"Camera Operators, Television, Video, & Film",Cinema & Visual Arts,General Art,,,,,,,,,,,
Cardiologists,Biology,Medical Sciences,,,,,,,,,,,
"Career/Technical Education Teachers, Middle School",Education,Social Services,,,,,,,,,,,
"Career/Technical Education Teachers, Postsecondary",Education,Social Services,,,,,,,,,,,
"Career/Technical Education Teachers, Secondary School",Education,Social Services,,,,,,,,,,,
Cargo & Freight Agents,Specializations & Business,Management & Information Systems,,,,,,,,,,,
Cartographers & Photogrammetrists,Earth Sciences,City Planning & Architecture,Anthropology & History,Politics & Public Policy,Sociology,,,,,,,,
Chefs & Head Cooks,Agriculture & Food Science,Food & Nutrition,,,,,,,,,,,
Chemical Engineers,Chemistry,Physics & Astronomy,Specializations & Engineering,,,,,,,,,,
"Chemistry Teachers, Postsecondary",Education,Chemistry,,,,,,,,,,,
Chemists,Chemistry,,,,,,,,,,,,
Chief Sustainability Officers,Environmental Science & Studies,Economics,City Planning & Architecture,Politics & Public Policy,Management & Information Systems,Specializations & Business,,,,,,,
"Child, Family, & School Social Workers",Sociology,Education,Psychology,Social Services,,,,,,,,,
Chiropractors,Athletic & Bodily Science,Medical Sciences,Biology,,,,,,,,,,
Choreographers,Performing Arts,Athletic & Bodily Science,,,,,,,,,,,
Civil Engineers,City Planning & Architecture,Applied & General Mathematics,Statistics & Data Science,,,,,,,,,,
"Claims Adjusters, Examiners, & Investigators",Management & Information Systems,Economics,Law & Criminology,Accounting & Finance,,,,,,,,,
Clergy,Philosophy & Religion,,,,,,,,,,,,
Climate Change Policy Analysts,Environmental Science & Studies,Politics & Public Policy,Sociology,Statistics & Data Science,Earth Sciences,,,,,,,,
Clinical & Counseling Psychologists,Psychology,,,,,,,,,,,,
Clinical Data Managers,Management & Information Systems,Medical Sciences,Biology,Information & Technology,Statistics & Data Science,,,,,,,,
Clinical Nurse Specialists,Medical Sciences,Biology,,,,,,,,,,,
Clinical Research Coordinators,Management & Information Systems,Medical Sciences,Biology,Information & Technology,,,,,,,,,
Coaches & Scouts,Athletic & Bodily Science,,,,,,,,,,,,
Commercial & Industrial Designers,Design,Specializations & Engineering,Marketing & Consumer Services,General Art,,,,,,,,,
Commercial Pilots,Social Services,,,,,,,,,,,,
"Communications Teachers, Postsecondary",Education,Communication & Journalism,General Humanities,Anthropology & History,Language & Literature,Philosophy & Religion,Feminist & Gender Studies,Cultural & Ethnic Studies,,,,,
Community Health Workers,Politics & Public Policy,Medical Sciences,Sociology,Athletic & Bodily Science,Social Services,,,,,,,,
"Compensation, Benefits, & Job Analysis Specialists",Management & Information Systems,Economics,Applied & General Mathematics,Statistics & Data Science,Accounting & Finance,,,,,,,,
Compliance Managers,Management & Information Systems,Politics & Public Policy,Law & Criminology,Specializations & Business,,,,,,,,,
Computer & Information Research Scientists,Computer Science and Engineering,Statistics & Data Science,Applied & General Mathematics,,,,,,,,,,
Computer & Information Systems Managers,Computer Science and Engineering,Information & Technology,,,,,,,,,,,
Computer Hardware Engineers,Computer Science and Engineering,Electrical & Mechanical Engineering,,,,,,,,,,,
Computer Network Architects,Computer Science and Engineering,,,,,,,,,,,,
Computer Network Support Specialists,Computer Science and Engineering,,,,,,,,,,,,
Computer Programmers,Computer Science and Engineering,,,,,,,,,,,,
"Computer Science Teachers, Postsecondary",Computer Science and Engineering,Education,Applied & General Mathematics,,,,,,,,,,
Computer Systems Analysts,Computer Science and Engineering,Applied & General Mathematics,Statistics & Data Science,,,,,,,,,,
Computer Systems Engineers/Architects,Computer Science and Engineering,,,,,,,,,,,,
Conservation Scientists,Environmental Science & Studies,Earth Sciences,Biology,Chemistry,Applied & General Mathematics,Statistics & Data Science,,,,,,,
Construction & Building Inspectors,City Planning & Architecture,Specializations & Business,Specializations & Engineering,,,,,,,,,,
Construction Managers,City Planning & Architecture,Specializations & Business,Specializations & Engineering,,,,,,,,,,
"Cooks, Private Household",Agriculture & Food Science,Food & Nutrition,,,,,,,,,,,
"Cooks, Restaurant",Agriculture & Food Science,Food & Nutrition,,,,,,,,,,,
Coroners,Law & Criminology,Biology,Chemistry,Anthropology & History,Medical Sciences,,,,,,,,
Cost Estimators,Applied & General Mathematics,Accounting & Finance,Economics,Specializations & Business,Statistics & Data Science,,,,,,,,
Costume Attendants,Design,General Art,Performing Arts,Cinema & Visual Arts,,,,,,,,,
Craft Artists,Design,General Art,Cinema & Visual Arts,,,,,,,,,,
Credit Analysts,Accounting & Finance,Economics,Statistics & Data Science,Applied & General Mathematics,,,,,,,,,
"Criminal Justice & Law Enforcement Teachers, Postsecondary",Education,Law & Criminology,Politics & Public Policy,Sociology,,,,,,,,,
Critical Care Nurses,Medical Sciences,Biology,,,,,,,,,,,
Curators,General Humanities,Cinema & Visual Arts,Music,Design,General Art,Cultural & Ethnic Studies,Feminist & Gender Studies,Philosophy & Religion,Language & Literature,Anthropology & History,Performing Arts,Linguistics,Communication & Journalism
Cytogenetic Technologists,Biology,Chemistry,Medical Sciences,,,,,,,,,,
Cytotechnologists,Biology,Chemistry,Medical Sciences,,,,,,,,,,
Dancers,Performing Arts,,,,,,,,,,,,
Data Scientists,Statistics & Data Science,Applied & General Mathematics,Information & Technology,,,,,,,,,,
Data Warehousing Specialists,Statistics & Data Science,Applied & General Mathematics,Information & Technology,,,,,,,,,,
Database Administrators,Statistics & Data Science,Computer Science and Engineering,,,,,,,,,,,
Database Architects,Statistics & Data Science,Computer Science and Engineering,,,,,,,,,,,
"Dentists, General",Biology,Medical Sciences,,,,,,,,,,,
Dermatologists,Biology,Medical Sciences,,,,,,,,,,,
Desktop Publishers,Computer Science and Engineering,Design,,,,,,,,,,,
Detectives & Criminal Investigators,Law & Criminology,Psychology,,,,,,,,,,,
Dietitians & Nutritionists,Food & Nutrition,Medical Sciences,Biology,,,,,,,,,,
Digital Forensics Analysts,Law & Criminology,Computer Science and Engineering,,,,,,,,,,,
"Directors, Religious Activities & Education",Education,Philosophy & Religion,,,,,,,,,,,
Disc Jockeys,Music,,,,,,,,,,,,
Document Management Specialists,Management & Information Systems,Information & Technology,,,,,,,,,,,
"Economics Teachers, Postsecondary",Education,Economics,Applied & General Mathematics,Statistics & Data Science,,,,,,,,,
Economists,Economics,General Business,Accounting & Finance,Statistics & Data Science,Applied & General Mathematics,,,,,,,,
Editors,Language & Literature,Communication & Journalism,,,,,,,,,,,
"Education & Childcare Administrators, Preschool & Daycare",Education,Psychology,Social Services,,,,,,,,,,
"Education Administrators, Kindergarten through Secondary",Education,Psychology,Social Services,,,,,,,,,,
"Education Administrators, Postsecondary",Education,Psychology,Social Services,,,,,,,,,,
"Education Teachers, Postsecondary",Education,,,,,,,,,,,,
"Educational, Guidance, & Career Counselors & Advisors",Education,Psychology,Social Services,,,,,,,,,,
Electrical Engineers,Electrical & Mechanical Engineering,,,,,,,,,,,,
Electronics Engineers,Specializations & Engineering,Electrical & Mechanical Engineering,,,,,,,,,,,
Elementary School Teachers,Education,General Humanities,Anthropology & History,Applied & General Mathematics,Sociology,Psychology,General Art,Earth Sciences,Language & Literature,,,,
Emergency Management Directors,Management & Information Systems,Sociology,Politics & Public Policy,City Planning & Architecture,Environmental Science & Studies,Law & Criminology,Social Services,,,,,,
Emergency Medicine Physicians,Biology,Medical Sciences,,,,,,,,,,,
Energy Engineers,Specializations & Engineering,Electrical & Mechanical Engineering,City Planning & Architecture,,,,,,,,,,
"Engineering Teachers, Postsecondary",Specializations & Engineering,Electrical & Mechanical Engineering,Computer Science and Engineering,City Planning & Architecture,,,,,,,,,
"English Language & Literature Teachers, Postsecondary",Language & Literature,General Humanities,Cultural & Ethnic Studies,Linguistics,Communication & Journalism,,,,,,,,
Environmental Compliance Inspectors,Environmental Science & Studies,Law & Criminology,Politics & Public Policy,,,,,,,,,,
Environmental Economists,Economics,Applied & General Mathematics,Environmental Science & Studies,Statistics & Data Science,Accounting & Finance,,,,,,,,
Environmental Engineers,Specializations & Engineering,Environmental Science & Studies,,,,,,,,,,,
Environmental Restoration Planners,Earth Sciences,Environmental Science & Studies,City Planning & Architecture,,,,,,,,,,
"Environmental Science Teachers, Postsecondary",Environmental Science & Studies,Earth Sciences,,,,,,,,,,,
"Environmental Scientists & Specialists, Including Health",Medical Sciences,Biology,Environmental Science & Studies,,,,,,,,,,
Epidemiologists,Medical Sciences,Biology,Chemistry,Politics & Public Policy,Sociology,,,,,,,,
Equal Opportunity Representatives & Officers,Psychology,Social Services,Management & Information Systems,Sociology,Politics & Public Policy,Cultural & Ethnic Studies,General Humanities,Feminist & Gender Studies,Anthropology & History,,,,
Exercise Physiologists,Athletic & Bodily Science,,,,,,,,,,,,
"Family & Consumer Sciences Teachers, Postsecondary",Education,Psychology,Food & Nutrition,,,,,,,,,,
Family Medicine Physicians,Medical Sciences,Biology,,,,,,,,,,,
"Farmers, Ranchers, & Other Agricultural Managers",Management & Information Systems,Specializations & Business,Agriculture & Food Science,,,,,,,,,,
Fashion Designers,Design,General Art,Cinema & Visual Arts,,,,,,,,,,
Film & Video Editors,Cinema & Visual Arts,General Art,Communication & Journalism,,,,,,,,,,
Financial Examiners,Accounting & Finance,Economics,Specializations & Business,,,,,,,,,,
Financial Quantitative Analysts,Accounting & Finance,Economics,Statistics & Data Science,Applied & General Mathematics,,,,,,,,,
"Fine Artists, Including Painters, Sculptors, & Illustrators",General Art,Cinema & Visual Arts,,,,,,,,,,,
Fire-Prevention & Protection Engineers,Specializations & Engineering,Environmental Science & Studies,Electrical & Mechanical Engineering,,,,,,,,,,
Fish & Game Wardens,Environmental Science & Studies,Animal Science,Law & Criminology,,,,,,,,,,
Fitness & Wellness Coordinators,Athletic & Bodily Science,Food & Nutrition,,,,,,,,,,,
Floral Designers,Environmental Science & Studies,Design,,,,,,,,,,,
Food Scientists & Technologists,Biology,Agriculture & Food Science,Food & Nutrition,Chemistry,,,,,,,,,
"Foreign Language & Literature Teachers, Postsecondary",Language & Literature,Linguistics,General Humanities,Anthropology & History,Cultural & Ethnic Studies,,,,,,,,
Forensic Science Technicians,Law & Criminology,Biology,Chemistry,,,,,,,,,,
Forest & Conservation Technicians,Environmental Science & Studies,Earth Sciences,,,,,,,,,,,
Forest Fire Inspectors & Prevention Specialists,Environmental Science & Studies,,,,,,,,,,,,
Foresters,Environmental Science & Studies,Animal Science,,,,,,,,,,,
"Forestry & Conservation Science Teachers, Postsecondary",Environmental Science & Studies,,,,,,,,,,,,
"Fraud Examiners, Investigators & Analysts",Statistics & Data Science,Accounting & Finance,Law & Criminology,,,,,,,,,,
Fundraisers,Communication & Journalism,Marketing & Consumer Services,,,,,,,,,,,
General & Operations Managers,Management & Information Systems,,,,,,,,,,,,
General Internal Medicine Physicians,Medical Sciences,Biology,,,,,,,,,,,
Genetic Counselors,Biology,Medical Sciences,Psychology,Chemistry,,,,,,,,,
Geneticists,Biology,Medical Sciences,Psychology,Chemistry,,,,,,,,,
Geodetic Surveyors,Earth Sciences,Information & Technology,Environmental Science & Studies,Statistics & Data Science,,,,,,,,,
Geographers,Earth Sciences,Sociology,Environmental Science & Studies,,,,,,,,,,
"Geography Teachers, Postsecondary",Earth Sciences,Environmental Science & Studies,,,,,,,,,,,
Geoscientists,Earth Sciences,Environmental Science & Studies,,,,,,,,,,,
Graphic Designers,Design,General Art,Cinema & Visual Arts,,,,,,,,,,
Health & Safety Engineers,Electrical & Mechanical Engineering,Specializations & Engineering,,,,,,,,,,,
Health Education Specialists,Education,Medical Sciences,Biology,Athletic & Bodily Science,Food & Nutrition,,,,,,,,
Health Informatics Specialists,Medical Sciences,Information & Technology,,,,,,,,,,,
"Health Specialties Teachers, Postsecondary",Medical Sciences,Food & Nutrition,Athletic & Bodily Science,Biology,,,,,,,,,
Healthcare Social Workers,Medical Sciences,Social Services,Sociology,Psychology,,,,,,,,,
Hearing Aid Specialists,Medical Sciences,Biology,,,,,,,,,,,
Historians,Anthropology & History,,,,,,,,,,,,
"History Teachers, Postsecondary",Anthropology & History,,,,,,,,,,,,
Histotechnologists,Biology,Medical Sciences,Chemistry,,,,,,,,,,
Hospitalists,Medical Sciences,Biology,,,,,,,,,,,
Human Factors Engineers & Ergonomists,Specializations & Engineering,Athletic & Bodily Science,Psychology,Design,,,,,,,,,
Human Resources Specialists,Information & Technology,Politics & Public Policy,Management & Information Systems,,,,,,,,,,
Hydrologists,Environmental Science & Studies,Specializations & Engineering,Earth Sciences,Physics & Astronomy,,,,,,,,,
Industrial Ecologists,Environmental Science & Studies,Specializations & Engineering,,,,,,,,,,,
Industrial Engineers,Specializations & Engineering,Electrical & Mechanical Engineering,,,,,,,,,,,
Industrial Production Managers,Specializations & Engineering,Electrical & Mechanical Engineering,Management & Information Systems,,,,,,,,,,
Industrial-Organizational Psychologists,Psychology,Marketing & Consumer Services,Management & Information Systems,,,,,,,,,,
Information Security Analysts,Information & Technology,Computer Science and Engineering,,,,,,,,,,,
Information Security Engineers,Information & Technology,Computer Science and Engineering,,,,,,,,,,,
Information Technology Project Managers,Information & Technology,Computer Science and Engineering,,,,,,,,,,,
Instructional Coordinators,Education,,,,,,,,,,,,
"Insurance Appraisers, Auto Damage",Accounting & Finance,Specializations & Business,,,,,,,,,,,
Insurance Sales Agents,Accounting & Finance,Specializations & Business,Marketing & Consumer Services,,,,,,,,,,
Insurance Underwriters,Accounting & Finance,Management & Information Systems,Specializations & Business,Economics,Management & Information Systems,Applied & General Mathematics,,,,,,,
Intelligence Analysts,Politics & Public Policy,Sociology,Law & Criminology,Information & Technology,,,,,,,,,
Interior Designers,Design,General Art,Cinema & Visual Arts,,,,,,,,,,
Interpreters & Translators,Language & Literature,Linguistics,,,,,,,,,,,
Investment Fund Managers,Accounting & Finance,Economics,Management & Information Systems,Applied & General Mathematics,,,,,,,,,
"Judges, Magistrate Judges, & Magistrates",Law & Criminology,Politics & Public Policy,Philosophy & Religion,Anthropology & History,,,,,,,,,
Kindergarten Teachers,Education,Psychology,,,,,,,,,,,
Labor Relations Specialists,Specializations & Business,Management & Information Systems,Politics & Public Policy,,,,,,,,,,
Landscape Architects,Environmental Science & Studies,City Planning & Architecture,,,,,,,,,,,
"Law Teachers, Postsecondary",Law & Criminology,,,,,,,,,,,,
Lawyers,Law & Criminology,Politics & Public Policy,Philosophy & Religion,Anthropology & History,,,,,,,,,
Librarians & Media Collections Specialists,Language & Literature,General Humanities,Anthropology & History,Cultural & Ethnic Studies,Feminist & Gender Studies,Philosophy & Religion,Cinema & Visual Arts,General Art,Communication & Journalism,,,,
Loan Officers,Specializations & Business,Accounting & Finance,Economics,,,,,,,,,,
Locomotive Engineers,Specializations & Engineering,Electrical & Mechanical Engineering,,,,,,,,,,,
Lodging Managers,Management & Information Systems,Specializations & Business,Social Services,,,,,,,,,,
Logisticians,Information & Technology,Management & Information Systems,Specializations & Business,,,,,,,,,,
Loss Prevention Managers,Accounting & Finance,Management & Information Systems,,,,,,,,,,,
"Low Vision Therapists, Orientation & Mobility Specialists, & Vision Rehabilitation Therapists",Medical Sciences,Athletic & Bodily Science,Biology,Social Services,,,,,,,,,
Management Analysts,Management & Information Systems,Statistics & Data Science,Information & Technology,,,,,,,,,,
Manufacturing Engineers,Electrical & Mechanical Engineering,Specializations & Engineering,,,,,,,,,,,
Marine Engineers & Naval Architects,Electrical & Mechanical Engineering,Specializations & Engineering,,,,,,,,,,,
Market Research Analysts & Marketing Specialists,Statistics & Data Science,Marketing & Consumer Services,Economics,Communication & Journalism,,,,,,,,,
Marriage & Family Therapists,Psychology,,,,,,,,,,,,
Materials Engineers,Chemistry,Specializations & Engineering,,,,,,,,,,,
Materials Scientists,Physics & Astronomy,Specializations & Engineering,Chemistry,,,,,,,,,,
"Mathematical Science Teachers, Postsecondary",Applied & General Mathematics,Statistics & Data Science,,,,,,,,,,,
Mathematicians,Applied & General Mathematics,Statistics & Data Science,,,,,,,,,,,
Mechanical Engineers,Specializations & Engineering,Electrical & Mechanical Engineering,,,,,,,,,,,
Mechatronics Engineers,Computer Science and Engineering,Specializations & Engineering,Electrical & Mechanical Engineering,,,,,,,,,,
Media Programming Directors,Communication & Journalism,Performing Arts,General Art,Cinema & Visual Arts,,,,,,,,,
Media Technical Directors/Managers,Communication & Journalism,Cinema & Visual Arts,Information & Technology,Computer Science and Engineering,,,,,,,,,
Medical & Clinical Laboratory Technologists,Medical Sciences,Biology,Chemistry,,,,,,,,,,
Medical & Health Services Managers,Management & Information Systems,Medical Sciences,Politics & Public Policy,Social Services,,,,,,,,,
Medical Scientists,Medical Sciences,Biology,Chemistry,,,,,,,,,,
"Meeting, Convention, & Event Planners",Marketing & Consumer Services,Specializations & Business,Management & Information Systems,Social Services,,,,,,,,,
Mental Health & Substance Abuse Social Workers,Psychology,Medical Sciences,Social Services,Sociology,,,,,,,,,
Mental Health Counselors,Psychology,Social Services,Sociology,,,,,,,,,,
Microbiologists,Biology,,,,,,,,,,,,
Microsystems Engineers,Specializations & Engineering,Electrical & Mechanical Engineering,Computer Science and Engineering,,,,,,,,,,
Middle School Teachers,Education,General Humanities,Anthropology & History,Applied & General Mathematics,Sociology,Psychology,General Art,Earth Sciences,Language & Literature,,,,
Midwives,Biology,Medical Sciences,,,,,,,,,,,
"Mining & Geological Engineers, Including Mining Safety Engineers",Electrical & Mechanical Engineering,Specializations & Engineering,City Planning & Architecture,Earth Sciences,,,,,,,,,
Molecular & Cellular Biologists,Biology,Chemistry,,,,,,,,,,,
Museum Technicians & Conservators,Language & Literature,General Art,Anthropology & History,Cultural & Ethnic Studies,,,,,,,,,
Music Directors & Composers,Music,Performing Arts,,,,,,,,,,,
Music Therapists,Music,Psychology,,,,,,,,,,,
Musicians & Singers,Performing Arts,Music,,,,,,,,,,,
Naturopathic Physicians,Biology,Medical Sciences,Athletic & Bodily Science,Psychology,,,,,,,,,
Network & Computer Systems Administrators,Information & Technology,Computer Science and Engineering,,,,,,,,,,,
Neurologists,Biology,Medical Sciences,,,,,,,,,,,
Neuropsychologists,Psychology,Biology,Medical Sciences,,,,,,,,,,
"News Analysts, Reporters, & Journalists",Communication & Journalism,Language & Literature,,,,,,,,,,,
Nuclear Engineers,Specializations & Engineering,Electrical & Mechanical Engineering,,,,,,,,,,,
Nurse Anesthetists,Biology,Medical Sciences,,,,,,,,,,,
Nurse Practitioners,Biology,Medical Sciences,,,,,,,,,,,
"Nursing Instructors & Teachers, Postsecondary",Biology,Medical Sciences,,,,,,,,,,,
Obstetricians & Gynecologists,Medical Sciences,Biology,,,,,,,,,,,
Occupational Health & Safety Specialists,Medical Sciences,Politics & Public Policy,,,,,,,,,,,
Occupational Therapists,Medical Sciences,Biology,,,,,,,,,,,
Online Merchants,Specializations & Business,Marketing & Consumer Services,Management & Information Systems,Accounting & Finance,,,,,,,,,
Operations Research Analysts,Applied & General Mathematics,Statistics & Data Science,Economics,,,,,,,,,,
Ophthalmologists,Biology,Medical Sciences,,,,,,,,,,,
Optometrists,Biology,Medical Sciences,,,,,,,,,,,
Oral & Maxillofacial Surgeons,Biology,Medical Sciences,,,,,,,,,,,
Orthodontists,Biology,Medical Sciences,,,,,,,,,,,
Orthopedic Surgeons,Biology,Medical Sciences,,,,,,,,,,,
Orthoptists,Biology,Medical Sciences,,,,,,,,,,,
Orthotists & Prosthetists,Medical Sciences,Biology,,,,,,,,,,,
Paralegals & Legal Assistants,Specializations & Business,Sociology,Law & Criminology,Politics & Public Policy,Philosophy & Religion,Anthropology & History,,,,,,,
Park Naturalists,Earth Sciences,Environmental Science & Studies,Social Services,Biology,,,,,,,,,
Payroll & Timekeeping Clerks,Management & Information Systems,Accounting & Finance,,,,,,,,,,,
Pediatric Surgeons,Biology,Medical Sciences,,,,,,,,,,,
"Pediatricians, General",Biology,Medical Sciences,,,,,,,,,,,
Personal Financial Advisors,Accounting & Finance,Economics,,,,,,,,,,,
Petroleum Engineers,Electrical & Mechanical Engineering,Specializations & Engineering,City Planning & Architecture,,,,,,,,,,
Pharmacists,Biology,Medical Sciences,Chemistry,,,,,,,,,,
"Philosophy & Religion Teachers, Postsecondary",Philosophy & Religion,General Humanities,,,,,,,,,,,
Photographers,General Art,Cinema & Visual Arts,,,,,,,,,,,
Photonics Engineers,Physics & Astronomy,Specializations & Engineering,Electrical & Mechanical Engineering,,,,,,,,,,
Physical Medicine & Rehabilitation Physicians,Medical Sciences,Biology,Athletic & Bodily Science,,,,,,,,,,
Physical Therapists,Medical Sciences,Biology,Athletic & Bodily Science,,,,,,,,,,
"Physicians, Pathologists",Medical Sciences,Biology,Chemistry,,,,,,,,,,
Physicists,Physics & Astronomy,,,,,,,,,,,,
"Physics Teachers, Postsecondary",Physics & Astronomy,,,,,,,,,,,,
Podiatrists,Biology,Athletic & Bodily Science,Medical Sciences,,,,,,,,,,
"Poets, Lyricists & Creative Writers",Communication & Journalism,Language & Literature,General Art,Music,General Humanities,Philosophy & Religion,,,,,,,
"Political Science Teachers, Postsecondary",Politics & Public Policy,Sociology,,,,,,,,,,,
Political Scientists,Politics & Public Policy,Sociology,,,,,,,,,,,
Precision Agriculture Technicians,Environmental Science & Studies,Agriculture & Food Science,Earth Sciences,,,,,,,,,,
Preschool Teachers,Education,General Humanities,Anthropology & History,Applied & General Mathematics,Sociology,Psychology,General Art,Earth Sciences,Language & Literature,,,,
Preventive Medicine Physicians,Biology,Medical Sciences,,,,,,,,,,,
Probation Officers & Correctional Treatment Specialists,Psychology,Sociology,Social Services,Law & Criminology,,,,,,,,,
Producers & Directors,Performing Arts,Communication & Journalism,Cinema & Visual Arts,General Art,Music,Design,,,,,,,
Proofreaders & Copy Markers,Communication & Journalism,Language & Literature,,,,,,,,,,,
"Property, Real Estate, & Community Association Managers",Specializations & Business,Management & Information Systems,Accounting & Finance,,,,,,,,,,
Prosthodontists,Medical Sciences,Biology,,,,,,,,,,,
Psychiatrists,Psychology,Medical Sciences,,,,,,,,,,,
"Psychology Teachers, Postsecondary",Psychology,,,,,,,,,,,,
Public Relations Specialists,Communication & Journalism,Marketing & Consumer Services,Specializations & Business,Sociology,,,,,,,,,
Purchasing Agents,Specializations & Business,Economics,Management & Information Systems,Accounting & Finance,,,,,,,,,
Quality Control Systems Managers,Management & Information Systems,Specializations & Business,Chemistry,Agriculture & Food Science,Food & Nutrition,Specializations & Engineering,,,,,,,
Radio Frequency Identification Device Specialists,Computer Science and Engineering,Specializations & Engineering,Electrical & Mechanical Engineering,,,,,,,,,,
Radiologists,Biology,Medical Sciences,,,,,,,,,,,
Range Managers,Environmental Science & Studies,Agriculture & Food Science,Specializations & Business,Management & Information Systems,Earth Sciences,,,,,,,,
Real Estate Brokers,Specializations & Business,Accounting & Finance,Marketing & Consumer Services,Management & Information Systems,,,,,,,,,
"Recreation & Fitness Studies Teachers, Postsecondary",Athletic & Bodily Science,,,,,,,,,,,,
Recreational Therapists,Athletic & Bodily Science,Medical Sciences,Social Services,,,,,,,,,,
Registered Nurses,Medical Sciences,Biology,Athletic & Bodily Science,,,,,,,,,,
Regulatory Affairs Specialists,Specializations & Business,Management & Information Systems,Politics & Public Policy,Agriculture & Food Science,Food & Nutrition,Medical Sciences,Law & Criminology,Specializations & Engineering,,,,,
Rehabilitation Counselors,Athletic & Bodily Science,Social Services,Psychology,Medical Sciences,,,,,,,,,
Remote Sensing Scientists & Technologists,Environmental Science & Studies,Statistics & Data Science,Biology,Applied & General Mathematics,Computer Science and Engineering,Electrical & Mechanical Engineering,Specializations & Engineering,Earth Sciences,,,,,
Robotics Engineers,Specializations & Engineering,Computer Science and Engineering,Electrical & Mechanical Engineering,,,,,,,,,,
Sales Engineers,Specializations & Engineering,Computer Science and Engineering,Electrical & Mechanical Engineering,City Planning & Architecture,,,,,,,,,
Sales Managers,Marketing & Consumer Services,Specializations & Business,Economics,Management & Information Systems,Accounting & Finance,,,,,,,,
"Sales Representatives, Wholesale & Manufacturing",Marketing & Consumer Services,Specializations & Business,Accounting & Finance,Economics,Management & Information Systems,,,,,,,,
"Sales Representatives, Wholesale & Manufacturing, Technical & Scientific Products",Biology,City Planning & Architecture,Electrical & Mechanical Engineering,Specializations & Engineering,Computer Science and Engineering,Chemistry,,,,,,,
School Psychologists,Psychology,,,,,,,,,,,,
Search Marketing Strategists,Computer Science and Engineering,Marketing & Consumer Services,Information & Technology,,,,,,,,,,
Secondary School Teachers,Education,General Humanities,Anthropology & History,Applied & General Mathematics,Sociology,Psychology,General Art,Earth Sciences,Language & Literature,,,,
"Securities, Commodities, & Financial Services Sales Agents",Marketing & Consumer Services,Economics,Specializations & Business,Management & Information Systems,Accounting & Finance,,,,,,,,
Set & Exhibit Designers,Cinema & Visual Arts,Performing Arts,Design,General Art,,,,,,,,,
Social & Community Service Managers,Sociology,Politics & Public Policy,Social Services,Management & Information Systems,,,,,,,,,
Social & Human Service Assistants,Sociology,Social Services,Athletic & Bodily Science,Psychology,Politics & Public Policy,,,,,,,,
"Social Work Teachers, Postsecondary",Sociology,Social Services,,,,,,,,,,,
Sociologists,Sociology,Anthropology & History,Psychology,Politics & Public Policy,Economics,,,,,,,,
"Sociology Teachers, Postsecondary",Sociology,Anthropology & History,Psychology,Politics & Public Policy,Economics,,,,,,,,
Software Developers,Computer Science and Engineering,,,,,,,,,,,,
Software Quality Assurance Analysts & Testers,Computer Science and Engineering,,,,,,,,,,,,
Soil & Plant Scientists,Chemistry,Environmental Science & Studies,Biology,Agriculture & Food Science,Earth Sciences,,,,,,,,
Solar Energy Systems Engineers,City Planning & Architecture,Specializations & Engineering,Electrical & Mechanical Engineering,,,,,,,,,,
Sound Engineering Technicians,Cinema & Visual Arts,Music,,,,,,,,,,,
"Special Education Teachers, Elementary School",Education,General Humanities,Anthropology & History,Applied & General Mathematics,Sociology,Psychology,General Art,Earth Sciences,Language & Literature,Social Services,,,
"Special Education Teachers, Kindergarten",Education,General Humanities,Anthropology & History,Applied & General Mathematics,Sociology,Psychology,General Art,Earth Sciences,Language & Literature,Social Services,,,
"Special Education Teachers, Middle School",Education,General Humanities,Anthropology & History,Applied & General Mathematics,Sociology,Psychology,General Art,Earth Sciences,Language & Literature,Social Services,,,
"Special Education Teachers, Preschool",Education,General Humanities,Anthropology & History,Applied & General Mathematics,Sociology,Psychology,General Art,Earth Sciences,Language & Literature,Social Services,,,
"Special Education Teachers, Secondary School",Education,General Humanities,Anthropology & History,Applied & General Mathematics,Sociology,Psychology,General Art,Earth Sciences,Language & Literature,Social Services,,,
Special Effects Artists & Animators,General Art,Cinema & Visual Arts,Design,,,,,,,,,,
Speech-Language Pathologists,Medical Sciences,Linguistics,,,,,,,,,,,
Sports Medicine Physicians,Biology,Medical Sciences,Athletic & Bodily Science,,,,,,,,,,
Statisticians,Statistics & Data Science,Applied & General Mathematics,Economics,,,,,,,,,,
Substance Abuse & Behavioral Disorder Counselors,Biology,Social Services,Psychology,Medical Sciences,,,,,,,,,
"Substitute Teachers, Short-Term",Education,General Humanities,Anthropology & History,Applied & General Mathematics,Sociology,Psychology,General Art,Earth Sciences,Language & Literature,Social Services,,,
Supply Chain Managers,Management & Information Systems,Specializations & Business,Economics,Accounting & Finance,,,,,,,,,
Survey Researchers,Statistics & Data Science,Marketing & Consumer Services,Sociology,Applied & General Mathematics,Politics & Public Policy,,,,,,,,
Surveyors,Environmental Science & Studies,Earth Sciences,City Planning & Architecture,Specializations & Engineering,,,,,,,,,
Sustainability Specialists,Environmental Science & Studies,City Planning & Architecture,Earth Sciences,Design,,,,,,,,,
Talent Directors,Performing Arts,General Art,Music,Marketing & Consumer Services,Management & Information Systems,Cinema & Visual Arts,,,,,,,
"Tax Examiners & Collectors, & Revenue Agents",Accounting & Finance,Economics,,,,,,,,,,,
Technical Writers,Information & Technology,Specializations & Engineering,Communication & Journalism,Language & Literature,Computer Science and Engineering,,,,,,,,
Telecommunications Engineering Specialists,Computer Science and Engineering,Electrical & Mechanical Engineering,Specializations & Engineering,,,,,,,,,,
Training & Development Specialists,Social Services,Specializations & Business,Management & Information Systems,Psychology,Communication & Journalism,Education,Sociology,,,,,,
Transportation Engineers,City Planning & Architecture,Specializations & Engineering,Electrical & Mechanical Engineering,,,,,,,,,,
Transportation Planners,City Planning & Architecture,Environmental Science & Studies,,,,,,,,,,,
Treasurers & Controllers,Economics,Accounting & Finance,Specializations & Business,,,,,,,,,,
Urban & Regional Planners,Politics & Public Policy,Environmental Science & Studies,City Planning & Architecture,Economics,,,,,,,,,
Urologists,Biology,Medical Sciences,,,,,,,,,,,
Validation Engineers,Specializations & Engineering,Computer Science and Engineering,City Planning & Architecture,Electrical & Mechanical Engineering,,,,,,,,,
Veterinarians,Biology,Animal Science,,,,,,,,,,,
Video Game Designers,Design,Computer Science and Engineering,General Art,,,,,,,,,,
Water Resource Specialists,Environmental Science & Studies,Earth Sciences,City Planning & Architecture,,,,,,,,,,
Water/Wastewater Engineers,Environmental Science & Studies,Specializations & Engineering,Earth Sciences,City Planning & Architecture,,,,,,,,,
Web & Digital Interface Designers,Computer Science and Engineering,Design,General Art,Cinema & Visual Arts,,,,,,,,,
Web Administrators,Computer Science and Engineering,Design,,,,,,,,,,,
Web Developers,Computer Science and Engineering,Design,,,,,,,,,,,
Wind Energy Development Managers,Environmental Science & Studies,Management & Information Systems,Electrical & Mechanical Engineering,Specializations & Engineering,City Planning & Architecture,,,,,,,,
Wind Energy Engineers,Environmental Science & Studies,Electrical & Mechanical Engineering,Specializations & Engineering,City Planning & Architecture,,,,,,,,,
Writers & Authors,Communication & Journalism,General Art,Language & Literature,General Humanities,Anthropology & History,Cultural & Ethnic Studies,Feminist & Gender Studies,Sociology,Philosophy & Religion,,,,
Zoologists & Wildlife Biologists,Environmental Science & Studies,Animal Science,Biology,,,,,,,,,,
